insert into clientes (id, nombre, apellido, email, create_at) values (1, 'asd', 'asd', 'asd@asd.com', '2020-12-21');
insert into clientes (id, nombre, apellido, email, create_at) values (2, 'dsa', 'dsa', 'dsa@dsa.com', '1020-1-21');
insert into clientes (id, nombre, apellido, email, create_at) values (3, 'asd', 'asd', 'asd@asd.com', '2020-12-21');
insert into clientes (id, nombre, apellido, email, create_at) values (4, 'dsa', 'dsa', 'dsa@dsa.com', '1020-1-21');
insert into clientes (id, nombre, apellido, email, create_at) values (5, 'asd', 'asd', 'asd@asd.com', '2020-12-21');
insert into clientes (id, nombre, apellido, email, create_at) values (6, 'dsa', 'dsa', 'dsa@dsa.com', '1020-1-21');
insert into clientes (id, nombre, apellido, email, create_at) values (7, 'asd', 'asd', 'asd@asd.com', '2020-12-21');
insert into clientes (id, nombre, apellido, email, create_at) values (8, 'dsa', 'dsa', 'dsa@dsa.com', '1020-1-21');
insert into clientes (id, nombre, apellido, email, create_at) values (9, 'asd', 'asd', 'asd@asd.com', '2020-12-21');
insert into clientes (id, nombre, apellido, email, create_at) values (10, 'asd', 'asd', 'asd@asd.com', '2020-12-21');
insert into clientes (id, nombre, apellido, email, create_at) values (11, 'asd', 'asd', 'asd@asd.com', '2020-12-21');
insert into clientes (id, nombre, apellido, email, create_at) values (12, 'dsa', 'dsa', 'dsa@dsa.com', '1020-1-21');
insert into clientes (id, nombre, apellido, email, create_at) values (13, 'asd', 'asd', 'asd@asd.com', '2020-12-21');
insert into clientes (id, nombre, apellido, email, create_at) values (14, 'dsa', 'dsa', 'dsa@dsa.com', '1020-1-21');
insert into clientes (id, nombre, apellido, email, create_at) values (15, 'asd', 'asd', 'asd@asd.com', '2020-12-21');
insert into clientes (id, nombre, apellido, email, create_at) values (16, 'dsa', 'dsa', 'dsa@dsa.com', '1020-1-21');
insert into clientes (id, nombre, apellido, email, create_at) values (17, 'asd', 'asd', 'asd@asd.com', '2020-12-21');
insert into clientes (id, nombre, apellido, email, create_at) values (18, 'dsa', 'dsa', 'dsa@dsa.com', '1020-1-21');
insert into clientes (id, nombre, apellido, email, create_at) values (19, 'asd', 'asd', 'asd@asd.com', '2020-12-21');
insert into clientes (id, nombre, apellido, email, create_at) values (20, 'asd', 'asd', 'asd@asd.com', '2020-12-21');
insert into clientes (id, nombre, apellido, email, create_at) values (21, 'asd', 'asd', 'asd@asd.com', '2020-12-21');
insert into clientes (id, nombre, apellido, email, create_at) values (22, 'dsa', 'dsa', 'dsa@dsa.com', '1020-1-21');
insert into clientes (id, nombre, apellido, email, create_at) values (23, 'asd', 'asd', 'asd@asd.com', '2020-12-21');
insert into clientes (id, nombre, apellido, email, create_at) values (24, 'dsa', 'dsa', 'dsa@dsa.com', '1020-1-21');
insert into clientes (id, nombre, apellido, email, create_at) values (25, 'asd', 'asd', 'asd@asd.com', '2020-12-21');
insert into clientes (id, nombre, apellido, email, create_at) values (26, 'dsa', 'dsa', 'dsa@dsa.com', '1020-1-21');
insert into clientes (id, nombre, apellido, email, create_at) values (27, 'asd', 'asd', 'asd@asd.com', '2020-12-21');
insert into clientes (id, nombre, apellido, email, create_at) values (28, 'dsa', 'dsa', 'dsa@dsa.com', '1020-1-21');
insert into clientes (id, nombre, apellido, email, create_at) values (29, 'asd', 'asd', 'asd@asd.com', '2020-12-21');
insert into clientes (id, nombre, apellido, email, create_at) values (30, 'asd', 'asd', 'asd@asd.com', '2020-12-21');
insert into clientes (id, nombre, apellido, email, create_at) values (31, 'asd', 'asd', 'asd@asd.com', '2020-12-21');
insert into clientes (id, nombre, apellido, email, create_at) values (32, 'dsa', 'dsa', 'dsa@dsa.com', '1020-1-21');
insert into clientes (id, nombre, apellido, email, create_at) values (33, 'asd', 'asd', 'asd@asd.com', '2020-12-21');
insert into clientes (id, nombre, apellido, email, create_at) values (34, 'dsa', 'dsa', 'dsa@dsa.com', '1020-1-21');
insert into clientes (id, nombre, apellido, email, create_at) values (35, 'asd', 'asd', 'asd@asd.com', '2020-12-21');
insert into clientes (id, nombre, apellido, email, create_at) values (36, 'dsa', 'dsa', 'dsa@dsa.com', '1020-1-21');
insert into clientes (id, nombre, apellido, email, create_at) values (37, 'asd', 'asd', 'asd@asd.com', '2020-12-21');
insert into clientes (id, nombre, apellido, email, create_at) values (38, 'dsa', 'dsa', 'dsa@dsa.com', '1020-1-21');
insert into clientes (id, nombre, apellido, email, create_at) values (39, 'asd', 'asd', 'asd@asd.com', '2020-12-21');
insert into clientes (id, nombre, apellido, email, create_at) values (40, 'asd', 'asd', 'asd@asd.com', '2020-12-21');

insert into clientes (id, nombre, apellido, email, create_at) values (41, 'asd', 'asd', 'asd@asd.com', '2020-12-21');
insert into clientes (id, nombre, apellido, email, create_at) values (42, 'dsa', 'dsa', 'dsa@dsa.com', '1020-1-21');
insert into clientes (id, nombre, apellido, email, create_at) values (43, 'asd', 'asd', 'asd@asd.com', '2020-12-21');
insert into clientes (id, nombre, apellido, email, create_at) values (44, 'dsa', 'dsa', 'dsa@dsa.com', '1020-1-21');
insert into clientes (id, nombre, apellido, email, create_at) values (45, 'asd', 'asd', 'asd@asd.com', '2020-12-21');
insert into clientes (id, nombre, apellido, email, create_at) values (46, 'dsa', 'dsa', 'dsa@dsa.com', '1020-1-21');
insert into clientes (id, nombre, apellido, email, create_at) values (47, 'asd', 'asd', 'asd@asd.com', '2020-12-21');
insert into clientes (id, nombre, apellido, email, create_at) values (48, 'dsa', 'dsa', 'dsa@dsa.com', '1020-1-21');
insert into clientes (id, nombre, apellido, email, create_at) values (49, 'asd', 'asd', 'asd@asd.com', '2020-12-21');
insert into clientes (id, nombre, apellido, email, create_at) values (50, 'asd', 'asd', 'asd@asd.com', '2020-12-21');
insert into clientes (id, nombre, apellido, email, create_at) values (51, 'asd', 'asd', 'asd@asd.com', '2020-12-21');
insert into clientes (id, nombre, apellido, email, create_at) values (52, 'dsa', 'dsa', 'dsa@dsa.com', '1020-1-21');
insert into clientes (id, nombre, apellido, email, create_at) values (53, 'asd', 'asd', 'asd@asd.com', '2020-12-21');
insert into clientes (id, nombre, apellido, email, create_at) values (54, 'dsa', 'dsa', 'dsa@dsa.com', '1020-1-21');
insert into clientes (id, nombre, apellido, email, create_at) values (55, 'asd', 'asd', 'asd@asd.com', '2020-12-21');
insert into clientes (id, nombre, apellido, email, create_at) values (56, 'dsa', 'dsa', 'dsa@dsa.com', '1020-1-21');
insert into clientes (id, nombre, apellido, email, create_at) values (57, 'asd', 'asd', 'asd@asd.com', '2020-12-21');
insert into clientes (id, nombre, apellido, email, create_at) values (58, 'dsa', 'dsa', 'dsa@dsa.com', '1020-1-21');
insert into clientes (id, nombre, apellido, email, create_at) values (59, 'asd', 'asd', 'asd@asd.com', '2020-12-21');
insert into clientes (id, nombre, apellido, email, create_at) values (60, 'asd', 'asd', 'asd@asd.com', '2020-12-21');
insert into clientes (id, nombre, apellido, email, create_at) values (61, 'asd', 'asd', 'asd@asd.com', '2020-12-21');
insert into clientes (id, nombre, apellido, email, create_at) values (62, 'dsa', 'dsa', 'dsa@dsa.com', '1020-1-21');
insert into clientes (id, nombre, apellido, email, create_at) values (63, 'asd', 'asd', 'asd@asd.com', '2020-12-21');
insert into clientes (id, nombre, apellido, email, create_at) values (64, 'dsa', 'dsa', 'dsa@dsa.com', '1020-1-21');
insert into clientes (id, nombre, apellido, email, create_at) values (65, 'asd', 'asd', 'asd@asd.com', '2020-12-21');
insert into clientes (id, nombre, apellido, email, create_at) values (66, 'dsa', 'dsa', 'dsa@dsa.com', '1020-1-21');
insert into clientes (id, nombre, apellido, email, create_at) values (67, 'asd', 'asd', 'asd@asd.com', '2020-12-21');
insert into clientes (id, nombre, apellido, email, create_at) values (68, 'dsa', 'dsa', 'dsa@dsa.com', '1020-1-21');
insert into clientes (id, nombre, apellido, email, create_at) values (69, 'asd', 'asd', 'asd@asd.com', '2020-12-21');
insert into clientes (id, nombre, apellido, email, create_at) values (70, 'asd', 'asd', 'asd@asd.com', '2020-12-21');
insert into clientes (id, nombre, apellido, email, create_at) values (71, 'asd', 'asd', 'asd@asd.com', '2020-12-21');
insert into clientes (id, nombre, apellido, email, create_at) values (72, 'dsa', 'dsa', 'dsa@dsa.com', '1020-1-21');
insert into clientes (id, nombre, apellido, email, create_at) values (73, 'asd', 'asd', 'asd@asd.com', '2020-12-21');
insert into clientes (id, nombre, apellido, email, create_at) values (74, 'dsa', 'dsa', 'dsa@dsa.com', '1020-1-21');
insert into clientes (id, nombre, apellido, email, create_at) values (75, 'asd', 'asd', 'asd@asd.com', '2020-12-21');
insert into clientes (id, nombre, apellido, email, create_at) values (76, 'dsa', 'dsa', 'dsa@dsa.com', '1020-1-21');
insert into clientes (id, nombre, apellido, email, create_at) values (77, 'asd', 'asd', 'asd@asd.com', '2020-12-21');
insert into clientes (id, nombre, apellido, email, create_at) values (78, 'dsa', 'dsa', 'dsa@dsa.com', '1020-1-21');
insert into clientes (id, nombre, apellido, email, create_at) values (79, 'asd', 'asd', 'asd@asd.com', '2020-12-21');
insert into clientes (id, nombre, apellido, email, create_at) values (80, 'asd', 'asd', 'asd@asd.com', '2020-12-21');



insert into usuarios (id, username, enabled, password, imagen) values (4, 'admin', 1, '$2a$10$nyy6r/1BlVaMUVFONS6z6.sNILrh4cYk3BGFw4oG9k4pbRbQIkHtG','');
insert into usuarios (id, username, enabled, password, imagen) values (5, 'gsanchez', 1, '$2a$10$nyy6r/1BlVaMUVFONS6z6.sNILrh4cYk3BGFw4oG9k4pbRbQIkHtG','');
insert into usuarios (id, username, enabled, password, imagen) values (6, 'user', 1, '$2a$10$nyy6r/1BlVaMUVFONS6z6.sNILrh4cYk3BGFw4oG9k4pbRbQIkHtG','');

insert into usuarios (id, username, enabled, password, imagen) values (7, 'admin1', 1, '$2a$10$nyy6r/1BlVaMUVFONS6z6.sNILrh4cYk3BGFw4oG9k4pbRbQIkHtG','');
insert into usuarios (id, username, enabled, password, imagen) values (8, 'gsanchez1', 1, '$2a$10$nyy6r/1BlVaMUVFONS6z6.sNILrh4cYk3BGFw4oG9k4pbRbQIkHtG','');
insert into usuarios (id, username, enabled, password, imagen) values (9, 'user1', 1, '$2a$10$nyy6r/1BlVaMUVFONS6z6.sNILrh4cYk3BGFw4oG9k4pbRbQIkHtG','');

insert into usuarios (id, username, enabled, password, imagen) values (10, 'admin2', 1, '$2a$10$nyy6r/1BlVaMUVFONS6z6.sNILrh4cYk3BGFw4oG9k4pbRbQIkHtG','');
insert into usuarios (id, username, enabled, password, imagen) values (11, 'gsanchez2', 1, '$2a$10$nyy6r/1BlVaMUVFONS6z6.sNILrh4cYk3BGFw4oG9k4pbRbQIkHtG','');
insert into usuarios (id, username, enabled, password, imagen) values (12, 'user2', 1, '$2a$10$nyy6r/1BlVaMUVFONS6z6.sNILrh4cYk3BGFw4oG9k4pbRbQIkHtG','');

insert into roles (id, nombre) values (1, 'ROLE_ADMIN');
insert into roles (id, nombre) values (2, 'ROLE_USER');


insert into usuarios_roles (usuario_id, roles_id) values (4,1);
insert into usuarios_roles (usuario_id, roles_id) values (5,1);
insert into usuarios_roles (usuario_id, roles_id) values (6,2);

insert into usuarios_roles (usuario_id, roles_id) values (7,1);
insert into usuarios_roles (usuario_id, roles_id) values (8,1);
insert into usuarios_roles (usuario_id, roles_id) values (9,2);

insert into usuarios_roles (usuario_id, roles_id) values (9,1);
insert into usuarios_roles (usuario_id, roles_id) values (11,1);
insert into usuarios_roles (usuario_id, roles_id) values (12,2);